<MB2Shotgun>
	<!-- Created by Yohan April 28 2020 -->
	<!-- This file is loaded at each time entering a battle, so there is no need of restarting the game.-->
	<ShotgunKey>OpenBraces</ShotgunKey>
	<ShotgunFeature>false</ShotgunFeature>	<!-- enabled this feature by default or not -->
	<ShotgunNum>18</ShotgunNum>
	<ShotgunSpread>12</ShotgunSpread>
	<ShotgunBonusDamage>0</ShotgunBonusDamage> <!-- Bonus damage for shotgun elements-->
	
	<AllowBow>true</AllowBow>
	<AllowCrossbow>true</AllowCrossbow>
	<AllowThrowingAxe>true</AllowThrowingAxe>
	<AllowThrowingKnife>true</AllowThrowingKnife>
	<AllowJavelin>true</AllowJavelin>
</MB2Shotgun>