<MB2Shotgun>
	<!-- Created by Yohan April 29 2020 -->
	<Data>
		<EquipmentData>
		  <Name>mb2shotgun_demon_bow_ammo</Name>	<!-- Keep the name intact -->
		  <ShotgunNum>2</ShotgunNum>
	      <ShotgunSpread>5</ShotgunSpread>
		  <ShotgunSpeedDiff>0</ShotgunSpeedDiff>
		</EquipmentData>
		<EquipmentData>
		  <Name>mb2shotgun_daedalus_crossbow_ammo</Name>	<!-- Keep the name intact -->
		  <ShotgunNum>2</ShotgunNum>
	      <ShotgunSpread>5</ShotgunSpread>
		  <ShotgunSpeedDiff>0</ShotgunSpeedDiff>
		</EquipmentData>
		<EquipmentData>
		  <Name>mb2shotgun_daedalus_crossbow</Name>	<!-- Keep the name intact -->
		  <ShotgunNum>5</ShotgunNum>
	      <ShotgunSpread>5</ShotgunSpread>
		  <ShotgunSpeedDiff>2</ShotgunSpeedDiff>
		</EquipmentData>
		<EquipmentData>
		  <Name>mb2shotgun_demon_bow</Name>	<!-- Keep the name intact -->
		  <ShotgunNum>17</ShotgunNum>
	      <ShotgunSpread>20</ShotgunSpread>
		  <ShotgunSpeedDiff>5</ShotgunSpeedDiff>
		</EquipmentData>
		<EquipmentData>
		  <Name>mb2shotgun_cluster_bomb_small</Name>	<!-- Keep the name intact -->
		  <ShotgunNum>2</ShotgunNum>
	      <ShotgunSpread>5</ShotgunSpread>
		  <ShotgunSpeedDiff>5</ShotgunSpeedDiff>
		</EquipmentData>
		<EquipmentData>
		  <Name>mb2shotgun_cluster_bomb_big</Name>	<!-- Keep the name intact -->
		  <ShotgunNum>11</ShotgunNum>
	      <ShotgunSpread>10</ShotgunSpread>
		  <ShotgunSpeedDiff>10</ShotgunSpeedDiff>
		</EquipmentData>
  </Data>
</MB2Shotgun>