﻿<?xml version="1.0" encoding="utf-8"?>
<Items>
  <Item id="mb2shotgun_daedalus_crossbow"
        name="{=mb2shotgun_daedalus_crossbow}Daedalus's Scar"
        body_name="bo_composite_crossbows"
        mesh="crossbow_e"
        weight="2.2"
        appearance="0.5"
        difficulty="0"
        Type="Crossbow"
        AmmoOffset="0.0, 0.02131, 0.22975"
        item_holsters="crossbow_back:bow_hip:mace_right_hip:bow_hip_2"
        holster_position_shift="0.02,0,-0.4"
        is_merchandise="false">
    <ItemComponent>
	      <Weapon weapon_class="Crossbow"
              ammo_class="Bolt"
              missile_speed="100"
              accuracy="98"
              thrust_damage="200"
              thrust_speed="250"
              speed_rating="100"
              weapon_length="95"
              ammo_limit="3"
              thrust_damage_type="Pierce"
              item_usage="crossbow"
              physics_material="wood_weapon"
              center_of_mass="0,0,0.4">
        <WeaponFlags RangedWeapon="true"
                     HasString="true"
                     NotUsableWithOneHand="true"
                     TwoHandIdleOnMount="true" />
      </Weapon>
    </ItemComponent>
    <Flags />
  </Item>
  <Item id="mb2shotgun_daedalus_crossbow_ammo"
        name="{=mb2shotgun_daedalus_crossbow_ammo}Daedalus's Bone"
        body_name="bo_capsule_arrow"
        holster_body_name="bo_axe_short"
        mesh="bolt_bl_e"
        holster_mesh="bolt_bl_e_quiver"
        holster_mesh_with_weapon="bolt_bl_e_quiver"
        flying_mesh="bolt_bl_flying"
        weight="0.0001"
        appearance="0.5"
        Type="Bolts"
        item_holsters="quiver_bolts:quiver_bolts_2:quiver_back_middle:quiver_back_top"
        is_merchandise="false">
    <ItemComponent>
      <Weapon weapon_class="Bolt"
              stack_amount="25"
              thrust_speed="0"
              speed_rating="0"
              missile_speed="10"
			  thrust_damage="5"
			  thrust_damage_type="Blunt"
              weapon_length="37"
              item_usage=""
              rotation="180, 0, 0"
              physics_material="burning_ballista"
              sticking_position="0,-0.37,0"
              sticking_rotation="90,0,0"
              trail_particle_name="psys_game_burning_agent"
              center_of_mass="0,0,-0.1">
        <WeaponFlags AttachAmmoToVisual="true"
                     Consumable="true"
                     Burning="true"
                     AmmoSticksWhenShot="true"
                     AmmoBreaksOnBounceBack="true"
                     LeavesTrail="true" />
      </Weapon>
    </ItemComponent>
    <Flags ForceAttachOffHandPrimaryItemBone="true" />
  </Item>
  
  <Item id="mb2shotgun_demon_bow"
        name="{=mb2shotgun_demon_bow}Demon's Kiss"
        body_name="bo_composite_longbow_g"
        mesh="longbow_j"
        weight="1.8"
        difficulty="0"
        appearance="0.1"
        Type="Bow"
        item_holsters="bow_back:bow_back_2:bow_hip:bow_hip_2">
    <ItemComponent>
      <Weapon weapon_class="Bow"
              ammo_class="Arrow"
              ammo_limit="1"
              thrust_speed="200"
              speed_rating="100"
              missile_speed="150"
              weapon_length="118"
              accuracy="99"
              thrust_damage="270"
              thrust_damage_type="Pierce"
              item_usage="bow"
              physics_material="wood_weapon"
              center_of_mass="0,0,0">
        <WeaponFlags RangedWeapon="true"
                     HasString="true"
                     StringHeldByHand="true"
                     NotUsableWithOneHand="true"
                     TwoHandIdleOnMount="true"
                     AutoReload="true"
                     UnloadWhenSheathed="true" />
      </Weapon>
    </ItemComponent>
    <Flags ForceAttachOffHandPrimaryItemBone="true" />
  </Item>
  <Item id="mb2shotgun_demon_bow_ammo"
        name="{=mb2shotgun_demon_bow_ammo}Demon's Talon"
        body_name="bo_capsule_arrow"
        holster_body_name="bo_axe_short"
        mesh="arrow_bl_a"
        holster_mesh="arrow_bl_a_quiver"
        holster_mesh_with_weapon="arrow_bl_a_quiver"
        weight="0.06"
        flying_mesh="arrow_bl_flying"
        appearance="1"
        Type="Arrows"
        item_holsters="quiver_back_middle:quiver_bolts_2:quiver_bolts"
        holster_position_shift="0.0,0.0,0.15">
    <ItemComponent>
      <Weapon weapon_class="Arrow"
              stack_amount="32"
              physics_material="missile"
              thrust_speed="0"
              speed_rating="0"
              missile_speed="10"
              weapon_length="97"
              thrust_damage="5"
              thrust_damage_type="Pierce"
              item_usage="arrow_right"
              passby_sound_code="event:/mission/combat/missile/passby"
              trail_particle_name="psys_game_burning_agent"
              rotation="0, -80, 25"
              sticking_position="0,-0.97,0"
              sticking_rotation="90,0,0"
              center_of_mass="0,0,-0.1">
        <WeaponFlags Consumable="true"
                     AmmoSticksWhenShot="true"
                     AmmoBreaksOnBounceBack="true"
                     CanPenetrateShield="true"
                     Burning="true"
                     LeavesTrail="true" />
      </Weapon>
    </ItemComponent>
    <Flags />
  </Item>
  <Item id="mb2shotgun_cluster_bomb_small"
        name="{=mb2shotgun_cluster_bomb_small}Small Suprise!"
        is_merchandise="false"
        body_name="bo_projectile_rock"
        holster_body_name="bo_axe_short"
        holster_mesh="stone_holster"
        holster_mesh_with_weapon="stone_holster"
        mesh="projectile_pot"
		subtype="arrows"
        value="99999"
        weight="5.0"
        appearance="0.1"
        Type="Thrown"
        item_holsters="throwing_stone:throwing_stone_2">
    <ItemComponent>
      <Weapon weapon_class="Stone"
              ammo_class="Stone"
              stack_amount="24"
			  accuracy="98"
              position="0.05, -0.15, 0"
              physics_material="burning_jar"
              thrust_speed="100"
              speed_rating="100"
		thrust_damage_type="Blunt"
              missile_speed="20"
              weapon_length="95"
              thrust_damage="100"
              item_usage="stone"
              flying_sound_code="event:/mission/combat/boulder/passby"
              trail_particle_name="psys_game_burning_agent"
              rotation_speed="2, 0.5, 0">
        <WeaponFlags RangedWeapon="true"
                     NotUsableWithOneHand="true"
                     TwoHandIdleOnMount="true"
                     CanPenetrateShield="true"
                     MissileWithPhysics="true"
                     Consumable="true"
                     LeavesTrail="true"
                     Burning="true"
                     AffectsArea="true"
                     AmmoBreaksOnBounceBack="true" />
      </Weapon>
    </ItemComponent>
    <Flags />
  </Item>
  <Item id="mb2shotgun_cluster_bomb_big"
        name="{=mb2shotgun_cluster_bomb_big}Big Suprise!"
        is_merchandise="false"
        body_name="bo_projectile_rock"
        holster_body_name="bo_axe_short"
        holster_mesh="stone_holster"
        holster_mesh_with_weapon="stone_holster"
        mesh="projectile_rock"
        value="209909"
        weight="15.0"
        appearance="0.1"
        Type="Thrown"
        item_holsters="throwing_stone:throwing_stone_2">
    <ItemComponent>
      <Weapon weapon_class="Boulder"
              ammo_class="Boulder"
              stack_amount="12"
              position="0.05, -0.15, 0"
              physics_material="boulder_stone"
              thrust_speed="100"
              speed_rating="100"
		thrust_damage_type="Blunt"
              missile_speed="40"
              weapon_length="95"
              thrust_damage="600"
              item_usage="stone"
              flying_sound_code="event:/mission/combat/boulder/passby"
              trail_particle_name="psys_game_burning_jar_trail"
              rotation_speed="2, 0.5, 0">
        <WeaponFlags RangedWeapon="true"
                     NotUsableWithOneHand="true"
                     TwoHandIdleOnMount="true"
                     CanPenetrateShield="true"
                     MissileWithPhysics="true"
                     Consumable="true"
                     LeavesTrail="true"
                     Burning="true"
                     AffectsArea="true"
                     AmmoBreaksOnBounceBack="true" />
      </Weapon>
    </ItemComponent>
    <Flags />
  </Item>
</Items>
