<?xml version="1.0" encoding="utf-8"?>
<Module>
	<Name value="MB2Shotgun"/>
	<Id value="MB2Shotgun"/>
	<Version value="v1.1.3"/>
	<SingleplayerModule value="true"/>
	<MultiplayerModule value="false"/>
	<DependedModules>
		<DependedModule Id="Native"/>
		<DependedModule Id="SandBoxCore"/>
		<DependedModule Id="Sandbox"/>
		<DependedModule Id="CustomBattle"/>
		<DependedModule Id="StoryMode" />
	</DependedModules>
	<SubModules>
		<SubModule>
			<Name value="MB2Shotgun"/>
			<DLLName value="MB2Shotgun.dll"/>
			<SubModuleClassType value="MB2Shotgun.Main"/>
			<Tags>
				<Tag key="DedicatedServerType" value="none" />
				<Tag key="IsNoRenderModeElement" value="false" />
			</Tags>
		</SubModule>
	</SubModules>
	<Xmls>
		<XmlNode>                
			<XmlName id="Items" path="mb2shotgun_spitems"/>
			<IncludedGameTypes>
				<GameType value = "Campaign"/>
				<GameType value = "CampaignStoryMode"/>
				<GameType value = "CustomGame"/>
			</IncludedGameTypes>
		</XmlNode>
	</Xmls>
</Module>