﻿<Brushes>
  <Brush Name="ModLib.Cancel.Button" BaseBrush="Popup.Button.Base">
    <Layers>
      <BrushLayer Name="Default" Sprite="StdAssets\Popup\button_default" IsHidden="true" />
      <BrushLayer Name="Hovered" Sprite="StdAssets\Popup\button_default_hover" IsHidden="true" />
    </Layers>
  </Brush>

  <Brush Name="ModLib.Done.Button" BaseBrush="Popup.Button.Base">
    <Layers>
      <BrushLayer Name="Default" Sprite="StdAssets\Popup\done_button" IsHidden="true" />
      <BrushLayer Name="Hovered" Sprite="StdAssets\Popup\done_button_hover" IsHidden="true" />
    </Layers>
  </Brush>

  <Brush Name="ModLib.Delete.Button" BaseBrush="Popup.Button.Base">
    <Layers>
      <BrushLayer Name="Default" Sprite="StdAssets\delete_button_regular" IsHidden="true" />
      <BrushLayer Name="Hovered" Sprite="StdAssets\delete_button_hovered" IsHidden="true" />
    </Layers>
  </Brush>
  
</Brushes>
