﻿<Brushes>

  <Brush Name="Divider.White" >
    <Layers>
      <BrushLayer Name="Default" Sprite="GradientDivider_9"/>
    </Layers>
    <Styles>
      <Style Name="Default">
        <BrushLayer Name="Default" AlphaFactor="0.4" />
      </Style>
    </Styles>
  </Brush>

  <Brush Name="Divider.Yellow" >
    <Layers>
      <BrushLayer Name="Default" Sprite="GradientDivider_9" Color="#FFEBC1FF"/>
    </Layers>
    <Styles>
      <Style Name="Default">
        <BrushLayer Name="Default" AlphaFactor="0.4" />
      </Style>
    </Styles>
  </Brush>

</Brushes>