﻿<Brushes>
  <Brush Name="Mod.Setting.Item">
    <Layers>
      <BrushLayer Name="Default" Sprite="SaveLoad\load_tuple" Color="#FFEBC1FF" />
    </Layers>
    <Styles>
      <Style Name="Default">
        <BrushLayer Name="Default"  />
      </Style>
      <Style Name="Hovered">
        <BrushLayer Name="Default" ColorFactor="1.2" />
      </Style>
      <Style Name="Selected">
        <BrushLayer Name="Default" ColorFactor="1.3" Color="#FFC349FF" Sprite="SaveLoad\load_tuple_selected"/>
      </Style>
      <Style Name="Pressed">
        <BrushLayer Name="Default" ColorFactor="0.9" />
      </Style>
    </Styles>
  </Brush>
</Brushes>