﻿<Brushes>
  <Brush Name="ModSettings.Hint.Text" Font="FiraSansExtraCondensed-Regular" TextHorizontalAlignment="Left" TextVerticalAlignment="Center">
    <Styles>
      <Style Name="Default" FontColor="#DDC3A1FF" TextOutlineAmount="0" TextGlowRadius="0" TextBlur="0" TextShadowOffset="0" TextShadowAngle="60" FontSize="28" />
    </Styles>
  </Brush>

  <Brush Name="ModSettings.Title.Text" Font="FiraSansExtraCondensed-Regular" TextHorizontalAlignment="Center" TextVerticalAlignment="Center">
    <Styles>
      <Style Name="Default" FontColor="#C7AD7CFF" TextGlowColor="#000000FF" TextOutlineColor="#000000FF" TextOutlineAmount="0.3" TextGlowRadius="0"
             TextBlur="0.1" FontSize="40" TextShadowAngle="60"/>
    </Styles>
  </Brush>

  <Brush Name="ModSettings.Setting.Text" Font="FiraSansExtraCondensed-Regular" TextHorizontalAlignment="Center" TextVerticalAlignment="Center" FontSize="24" >
    <Styles>
      <Style Name="Default" FontColor="#FFCF9AFF" TextBlur="0"  TextShadowAngle="0" TextAlphaFactor="0.8" TextGlowColor="#FFFFFF00" TextOutlineColor="#FFFFFF00"
             TextOutlineAmount="0" TextGlowRadius="0" />
    </Styles>
  </Brush>


  <Brush Name="ModSettings.Group.Text" Font="FiraSansExtraCondensed-Regular" TextHorizontalAlignment="Right" TextVerticalAlignment="Center" FontSize="30">
    <Styles>
      <Style Name="Default" FontColor="#FFCF9AFF" TextGlowRadius="0" TextShadowAngle="0" TextAlphaFactor="0.8" TextGlowColor="#FFFFFF00"
             TextOutlineColor="#FFFFFF00" TextOutlineAmount="0" TextBlur="0"/>
    </Styles>
  </Brush>

  <Brush Name="ModSettings.SubGroup.Text" Font="FiraSansExtraCondensed-Regular" TextHorizontalAlignment="Right" TextVerticalAlignment="Center" FontSize="28">
    <Styles>
      <Style Name="Default" FontColor="#FFCF9AFF" TextGlowRadius="0" TextShadowAngle="0" TextAlphaFactor="0.8" TextGlowColor="#FFFFFF00"
             TextOutlineColor="#FFFFFF00" TextOutlineAmount="0" TextBlur="0" />
    </Styles>
  </Brush>

  <Brush Name="Mod.Settings.Item.Name" Font="FiraSansExtraCondensed-Regular" TextHorizontalAlignment="Left" TextVerticalAlignment="Center">
    <Styles>
      <Style Name="Default" FontColor="#F7C895FF" TextOutlineAmount="0" TextGlowRadius="0" TextBlur="0" TextShadowOffset="0" TextShadowAngle="60" FontSize="28" />
      <Style Name="Disabled" TextAlphaFactor="0.5" />
    </Styles>
  </Brush>

  <Brush Name="ModSettings.EditValue.Description" Font="FiraSansExtraCondensed-Regular" TextHorizontalAlignment="Left" TextVerticalAlignment="Center" FontSize="24" >
    <Styles>
      <Style Name="Default" FontColor="#FFCF9AFF" TextBlur="0"  TextShadowAngle="0" TextAlphaFactor="0.8" TextGlowColor="#FFFFFF00" TextOutlineColor="#FFFFFF00"
             TextOutlineAmount="0" TextGlowRadius="0" />
    </Styles>
  </Brush>

</Brushes>
