﻿<Prefab>
  <Window>
    <DimensionSyncWidget Id="EditValueView" HeightSizePolicy="Fixed" WidthSizePolicy="Fixed" SuggestedWidth="500" HorizontalAlignment="Center"
            VerticalAlignment="Center" Sprite="StdAssets\notification_popup" WidgetToCopyHeightFrom="ContentsPanel" DimensionToSync="Vertical">
      <Children>

        <!-- Background -->
        <Widget WidthSizePolicy="StretchToParent" HeightSizePolicy="StretchToParent" Sprite="StdAssets\Popup\canvas" IsEnabled="false" />
        <!-- Frame Border -->
        <Widget WidthSizePolicy="StretchToParent" HeightSizePolicy="StretchToParent" Brush="Popup.Frame" IsEnabled="false" />

        <ListPanel Id="ContentsPanel" HeightSizePolicy="CoverChildren" WidthSizePolicy="StretchToParent" LayoutImp.LayoutMethod="VerticalBottomToTop">
          <Children>

            <!-- Title -->
            <RichTextWidget HeightSizePolicy="CoverChildren" WidthSizePolicy="StretchToParent" Text="@TitleText" VerticalAlignment="Top" HorizontalAlignment="Center"
                            Brush="ModSettings.Title.Text" MarginTop="15" MarginRight="10" MarginLeft="10"/>

            <!-- Description -->
            <RichTextWidget HeightSizePolicy="CoverChildren" WidthSizePolicy="StretchToParent" Text="@DescriptionText" VerticalAlignment="Top"
                            HorizontalAlignment="Center" Brush="ModSettings.EditValue.Description" MarginTop="15" MarginRight="10" MarginLeft="10"/>

            <!-- Text Input -->
            <Widget DoNotAcceptEvents="true" WidthSizePolicy="StretchToParent" HeightSizePolicy="Fixed" SuggestedHeight="70" MarginRight="30" MarginLeft="30"
                    Sprite="CharacterCreation\name_input_area" HorizontalAlignment="Center" MarginTop="30">
              <Children>
                <EditValueTextWidget WidthSizePolicy="StretchToParent" HeightSizePolicy="StretchToParent" HorizontalAlignment="Center" VerticalAlignment="Center"
                                    MarginLeft="10" MarginRight="10" MarginTop="12" MarginBottom="12" Brush="Review.NameInput.Text" RealText="@TextInput"
                                    IsObfuscationEnabled="false" SettingType="@SettingType" MaxValue="@MaxValue" MinValue="@MinValue"/>
              </Children>
            </Widget>

            <!-- Buttons Area -->
            <ListPanel HeightSizePolicy="CoverChildren" WidthSizePolicy="StretchToParent" LayoutImp.LayoutMethod="HorizontalCentered" MarginTop="40" MarginBottom="10">
              <Children>

                <!-- Cancel button -->
                <ButtonWidget DoNotPassEventsToChildren="true" WidthSizePolicy="Fixed" HeightSizePolicy="Fixed" SuggestedWidth="251" SuggestedHeight="64"
                              HorizontalAlignment="Left" VerticalAlignment="Center" Brush="ModLib.Cancel.Button" Command.Click="ExecuteCancel">
                  <Children>
                    <TextWidget WidthSizePolicy="StretchToParent" HeightSizePolicy="StretchToParent" Brush="Popup.Button.Text" Text="Cancel" />
                  </Children>
                </ButtonWidget>

                <!-- Done button -->
                <ButtonWidget DoNotPassEventsToChildren="true" WidthSizePolicy="Fixed" HeightSizePolicy="Fixed" SuggestedWidth="251"
                              SuggestedHeight="64" HorizontalAlignment="Right" VerticalAlignment="Center" Brush="ModLib.Done.Button"
                              Command.Click="ExecuteDone">
                  <Children>
                    <TextWidget WidthSizePolicy="StretchToParent" HeightSizePolicy="StretchToParent" Brush="Popup.Button.Text" Text="Done" />
                  </Children>
                </ButtonWidget>

              </Children>
            </ListPanel>

          </Children>
        </ListPanel>

      </Children>
    </DimensionSyncWidget>
  </Window>
</Prefab>
