﻿<Prefab>
  <Window>

    <ListPanel HeightSizePolicy="CoverChildren" WidthSizePolicy="StretchToParent" LayoutImp.LayoutMethod="VerticalBottomToTop" VerticalAlignment="Top"
               HorizontalAlignment="Left" UpdateChildrenStates="true" IsVisible="@IsGroupVisible">
      <Children>

        <!-- Group display section -->
        <Widget HeightSizePolicy="Fixed" SuggestedHeight="42" WidthSizePolicy="StretchToParent" VerticalAlignment="Top"  MarginTop="20">
          <Children>

            <ListPanel HeightSizePolicy="StretchToParent" WidthSizePolicy="StretchToParent" VerticalAlignment="Top" HorizontalAlignment="Left"
                       LayoutImp.LayoutMethod="HorizontalLeftToRight">
              <Children>

                <!-- Enable toggle -->
                <Widget WidthSizePolicy="CoverChildren" HeightSizePolicy="CoverChildren" VerticalAlignment="Center" HorizontalAlignment="Left"
                        IsVisible="@HasGroupToggle" UpdateChildrenStates="true">
                  <Children>
                    <ButtonWidget DoNotPassEventsToChildren="true" WidthSizePolicy="Fixed" HeightSizePolicy="Fixed" SuggestedWidth="40" SuggestedHeight="40"
                                  Brush="SPOptions.Checkbox.Empty.Button" ButtonType="Toggle" IsSelected="@GroupToggle"
                                  ToggleIndicator="ToggleIndicator" UpdateChildrenStates="true">
                      <Children>
                        <ImageWidget Id="ToggleIndicator" WidthSizePolicy="StretchToParent" HeightSizePolicy="StretchToParent" Brush="SPOptions.Checkbox.Full.Button" />
                      </Children>
                    </ButtonWidget>
                  </Children>
                </Widget>

                <!-- Group Name and Expander arrow -->
                <ButtonWidget UpdateChildrenStates="true" HeightSizePolicy="StretchToParent" WidthSizePolicy="StretchToParent" HorizontalAlignment="Left"
                              MarginLeft="10" MarginRight="10" Command.Click="OnGroupClick" DoNotPassEventsToChildren="true" IsSelected="@IsExpanded"
                              IsEnabled="@GroupToggle">
                  <Children>

                    <RichTextWidget Text="@GroupNameDisplay" HeightSizePolicy="CoverChildren" WidthSizePolicy="CoverChildren" HorizontalAlignment="Left"
                                    VerticalAlignment="Center" Brush="ModSettings.Group.Text" IsEnabled="@GroupToggle"/>

                    <ImageWidget HeightSizePolicy="Fixed" WidthSizePolicy="Fixed" SuggestedWidth="40" SuggestedHeight="40" HorizontalAlignment="Right"
                                 Brush="ModLib.ExpandIndicator" VerticalAlignment="Center" IsVisible="@GroupToggle"/>

                  </Children>
                </ButtonWidget>

              </Children>
            </ListPanel>

            <HintWidget WidthSizePolicy="StretchToParent" HeightSizePolicy="StretchToParent" Command.HoverBegin="OnHover" Command.HoverEnd="OnHoverEnd"/>

          </Children>
        </Widget>

        <!-- Divider -->
        <Widget WidthSizePolicy="StretchToParent" HeightSizePolicy="Fixed" SuggestedHeight="2"  VerticalAlignment="Top" MarginTop="4" Brush="Divider.White"/>

        <!-- SettingProperties List -->
        <ListPanel DataSource="{SettingProperties}" HeightSizePolicy="CoverChildren" WidthSizePolicy="StretchToParent" MarginLeft="10" MarginRight="10"
                   LayoutImp.LayoutMethod="VerticalBottomToTop" HorizontalAlignment="Left" MarginTop="10">
          <ItemTemplate>
            <SettingPropertyView />
          </ItemTemplate>
        </ListPanel>

        <!-- Subgroups List -->
        <ListPanel DataSource="{SettingPropertyGroups}" HeightSizePolicy="CoverChildren" WidthSizePolicy="StretchToParent" MarginLeft="25" MarginRight="25"
                   LayoutImp.LayoutMethod="VerticalBottomToTop" HorizontalAlignment="Left">
          <ItemTemplate>
            <SettingPropertyGroupView />
          </ItemTemplate>
        </ListPanel>

      </Children>
    </ListPanel>

  </Window>
</Prefab>
