﻿<?xml version="1.0" encoding="utf-8"?>
<Module>
	<Name value="ModLib"/>
	<Id value="ModLib"/>
	<Version value="v1.0.0"/>
	<DefaultModule value="false"/>
	<SingleplayerModule value="true"/>
	<MultiplayerModule value="false"/>
  	<Official value="false"/>
	<DependedModules>
		<DependedModule Id="Native"/>
		<DependedModule Id="SandBoxCore"/>
		<DependedModule Id="Sandbox"/>
		<DependedModule Id="CustomBattle"/>
		<DependedModule Id="StoryMode"/>
	</DependedModules>
	<SubModules>
		<SubModule>
			<Name value="ModLib"/>
			<DLLName value="ModLib.dll"/>
			<SubModuleClassType value="ModLib.ModLibSubModule"/>
			<Tags>
				<Tag key="DedicatedServerType" value="none" />
				<Tag key="IsNoRenderModeElement" value="false" />
			</Tags>
		</SubModule>
    <SubModule>
      <Name value="ModLib.Patches"/>
      <DLLName value="ModLib.Patches.dll"/>
      <SubModuleClassType value="ModLib.Patches.ModLibPatchesSubModule"/>
      <Tags>
        <Tag key="DedicatedServerType" value="none" />
        <Tag key="IsNoRenderModeElement" value="false" />
      </Tags>
    </SubModule>
	</SubModules>
	
	
</Module>